file,url,length,meta_description
acariens-ablon-sur-seine/index.html,/acariens-ablon-sur-seine/,156,Urgence nuisibles à Ablon-sur-Seine : intervention sous 1h. Devis gratuit et déplacement gratuit 24h/24. Acariens à Ablon-sur-Seine – Allo Nuisible Express.
acariens-antony/index.html,/acariens-antony/,152,Urgence nuisibles à Antony : intervention sous 1h. Devis gratuit et déplacement gratuit 24h/24. Service acariens local à Antony – Allo Nuisible Express.
acariens-chatenay-malabry/index.html,/acariens-chatenay-malabry/,158,Urgence nuisibles à Châtenay-Malabry : intervention sous 1h. Devis gratuit et déplacement gratuit 24h/24. Acariens à Châtenay-Malabry – Allo Nuisible Express.
acariens-choisy-le-roi/index.html,/acariens-choisy-le-roi/,152,Urgence nuisibles à Choisy-le-Roi : intervention sous 1h. Devis gratuit et déplacement gratuit 24h/24. Acariens à Choisy-le-Roi – Allo Nuisible Express.
acariens-clamart/index.html,/acariens-clamart/,140,Urgence nuisibles à Clamart : intervention sous 1h. Devis gratuit et déplacement gratuit 24h/24. Acariens à Clamart – Allo Nuisible Express.
acariens-orly/index.html,/acariens-orly/,159,Urgence nuisibles à Orly : intervention sous 1h. Devis gratuit et déplacement gratuit 24h/24. Intervention acariens locale 7j/7 à Orly – Allo Nuisible Express.
acariens-thiais/index.html,/acariens-thiais/,152,Urgence nuisibles à Thiais : intervention sous 1h. Devis gratuit et déplacement gratuit 24h/24. Service acariens local à Thiais – Allo Nuisible Express.
acariens-versailles/index.html,/acariens-versailles/,146,Urgence nuisibles à Versailles : intervention sous 1h. Devis gratuit et déplacement gratuit 24h/24. Acariens à Versailles – Allo Nuisible Express.
acariens-vitry-sur-seine/index.html,/acariens-vitry-sur-seine/,156,Urgence nuisibles à Vitry-sur-Seine : intervention sous 1h. Devis gratuit et déplacement gratuit 24h/24. Acariens à Vitry-sur-Seine – Allo Nuisible Express.
acariens.html,/acariens.html,158,Urgence acariens en Île-de-France : intervention sous 1h. Devis gratuit et déplacement gratuit 24h/24. Intervention experte certifiée – Allo Nuisible Express.
araignees.html,/araignees.html,159,Urgence araignées en Île-de-France : intervention sous 1h. Devis gratuit et déplacement gratuit 24h/24. Intervention experte certifiée – Allo Nuisible Express.
blog.html,/blog.html,143,Urgence nuisibles en Île-de-France : intervention sous 1h. Devis gratuit 24h/24. Conseils anti-nuisibles et prévention – Allo Nuisible Express.
cafards-ablon-sur-seine/index.html,/cafards-ablon-sur-seine/,155,Urgence nuisibles à Ablon-sur-Seine : intervention sous 1h. Devis gratuit et déplacement gratuit 24h/24. Cafards à Ablon-sur-Seine – Allo Nuisible Express.
cafards-antony/index.html,/cafards-antony/,151,Urgence nuisibles à Antony : intervention sous 1h. Devis gratuit et déplacement gratuit 24h/24. Service cafards local à Antony – Allo Nuisible Express.
cafards-arcueil/index.html,/cafards-arcueil/,153,Urgence nuisibles à Arcueil : intervention sous 1h. Devis gratuit et déplacement gratuit 24h/24. Service cafards local à Arcueil – Allo Nuisible Express.
cafards-cachan/index.html,/cafards-cachan/,151,Urgence nuisibles à Cachan : intervention sous 1h. Devis gratuit et déplacement gratuit 24h/24. Service cafards local à Cachan – Allo Nuisible Express.
cafards-chatenay-malabry/index.html,/cafards-chatenay-malabry/,157,Urgence nuisibles à Châtenay-Malabry : intervention sous 1h. Devis gratuit et déplacement gratuit 24h/24. Cafards à Châtenay-Malabry – Allo Nuisible Express.
cafards-choisy-le-roi/index.html,/cafards-choisy-le-roi/,151,Urgence nuisibles à Choisy-le-Roi : intervention sous 1h. Devis gratuit et déplacement gratuit 24h/24. Cafards à Choisy-le-Roi – Allo Nuisible Express.
cafards-clamart/index.html,/cafards-clamart/,153,Urgence nuisibles à Clamart : intervention sous 1h. Devis gratuit et déplacement gratuit 24h/24. Service cafards local à Clamart – Allo Nuisible Express.
cafards-fresnes/index.html,/cafards-fresnes/,153,Urgence nuisibles à Fresnes : intervention sous 1h. Devis gratuit et déplacement gratuit 24h/24. Service cafards local à Fresnes – Allo Nuisible Express.
cafards-gentilly/index.html,/cafards-gentilly/,141,Urgence nuisibles à Gentilly : intervention sous 1h. Devis gratuit et déplacement gratuit 24h/24. Cafards à Gentilly – Allo Nuisible Express.
cafards-le-kremlin-bicetre/index.html,/cafards-le-kremlin-bicetre/,159,Urgence nuisibles au Kremlin-Bicêtre : intervention sous 1h. Devis gratuit et déplacement gratuit 24h/24. Cafards à Le Kremlin-Bicêtre – Allo Nuisible Express.
cafards-lhay-les-roses/index.html,/cafards-lhay-les-roses/,155,Urgence nuisibles à L'Haÿ-les-Roses : intervention sous 1h. Devis gratuit et déplacement gratuit 24h/24. Cafards à L'Haÿ-les-Roses – Allo Nuisible Express.
cafards-orly/index.html,/cafards-orly/,158,Urgence nuisibles à Orly : intervention sous 1h. Devis gratuit et déplacement gratuit 24h/24. Intervention cafards locale 7j/7 à Orly – Allo Nuisible Express.
cafards-rungis.html,/cafards-rungis.html,151,"Urgence nuisibles à Rungis : intervention sous 1h. Devis gratuit et déplacement gratuit 24h/24. Cafards à Rungis, accès direct – Allo Nuisible Express."
cafards-thiais/index.html,/cafards-thiais/,151,Urgence nuisibles à Thiais : intervention sous 1h. Devis gratuit et déplacement gratuit 24h/24. Service cafards local à Thiais – Allo Nuisible Express.
cafards-thiais.html,/cafards-thiais.html,151,"Urgence nuisibles à Thiais : intervention sous 1h. Devis gratuit et déplacement gratuit 24h/24. Cafards à Thiais, accès direct – Allo Nuisible Express."
cafards-versailles/index.html,/cafards-versailles/,145,Urgence nuisibles à Versailles : intervention sous 1h. Devis gratuit et déplacement gratuit 24h/24. Cafards à Versailles – Allo Nuisible Express.
cafards-vitry-sur-seine/index.html,/cafards-vitry-sur-seine/,155,Urgence nuisibles à Vitry-sur-Seine : intervention sous 1h. Devis gratuit et déplacement gratuit 24h/24. Cafards à Vitry-sur-Seine – Allo Nuisible Express.
cafards.html,/cafards.html,157,Urgence cafards en Île-de-France : intervention sous 1h. Devis gratuit et déplacement gratuit 24h/24. Intervention experte certifiée – Allo Nuisible Express.
cgv-cgu.html,/cgv-cgu.html,157,Urgence nuisibles en Île-de-France : intervention sous 1h. Devis gratuit et déplacement gratuit 24h/24. Conditions générales d’usage – Allo Nuisible Express.
chenille-processionnaire-ablon-sur-seine/index.html,/chenille-processionnaire-ablon-sur-seine/,156,Urgence nuisibles à Ablon-sur-Seine : intervention sous 1h. Devis gratuit et déplacement gratuit 24h/24. Chenilles processionnaires – Allo Nuisible Express.
chenille-processionnaire-antony/index.html,/chenille-processionnaire-antony/,156,Urgence nuisibles à Antony : intervention sous 1h. Devis gratuit et déplacement gratuit 24h/24. Chenilles processionnaires à Antony – Allo Nuisible Express.
chenille-processionnaire-chatenay-malabry/index.html,/chenille-processionnaire-chatenay-malabry/,157,Urgence nuisibles à Châtenay-Malabry : intervention sous 1h. Devis gratuit et déplacement gratuit 24h/24. Chenilles processionnaires – Allo Nuisible Express.
chenille-processionnaire-choisy-le-roi/index.html,/chenille-processionnaire-choisy-le-roi/,154,Urgence nuisibles à Choisy-le-Roi : intervention sous 1h. Devis gratuit et déplacement gratuit 24h/24. Chenilles processionnaires – Allo Nuisible Express.
chenille-processionnaire-clamart/index.html,/chenille-processionnaire-clamart/,158,Urgence nuisibles à Clamart : intervention sous 1h. Devis gratuit et déplacement gratuit 24h/24. Chenilles processionnaires à Clamart – Allo Nuisible Express.
chenille-processionnaire-orly/index.html,/chenille-processionnaire-orly/,152,Urgence nuisibles à Orly : intervention sous 1h. Devis gratuit et déplacement gratuit 24h/24. Chenilles processionnaires à Orly – Allo Nuisible Express.
chenille-processionnaire-thiais/index.html,/chenille-processionnaire-thiais/,156,Urgence nuisibles à Thiais : intervention sous 1h. Devis gratuit et déplacement gratuit 24h/24. Chenilles processionnaires à Thiais – Allo Nuisible Express.
chenille-processionnaire-versailles/index.html,/chenille-processionnaire-versailles/,151,Urgence nuisibles à Versailles : intervention sous 1h. Devis gratuit et déplacement gratuit 24h/24. Chenilles processionnaires – Allo Nuisible Express.
chenille-processionnaire-vitry-sur-seine/index.html,/chenille-processionnaire-vitry-sur-seine/,156,Urgence nuisibles à Vitry-sur-Seine : intervention sous 1h. Devis gratuit et déplacement gratuit 24h/24. Chenilles processionnaires – Allo Nuisible Express.
chenilles.html,/chenilles.html,153,Urgence chenilles processionnaires en Île-de-France : intervention sous 1h. Devis gratuit 24h/24. Intervention experte certifiée – Allo Nuisible Express.
contact.html,/contact.html,150,Urgence nuisibles en Île-de-France : intervention sous 1h. Devis gratuit et déplacement gratuit 24h/24. Contact direct 24h/24 – Allo Nuisible Express.
depigeonnage-ablon-sur-seine/index.html,/depigeonnage-ablon-sur-seine/,160,Urgence nuisibles à Ablon-sur-Seine : intervention sous 1h. Devis gratuit et déplacement gratuit 24h/24. Dépigeonnage à Ablon-sur-Seine – Allo Nuisible Express.
depigeonnage-antony/index.html,/depigeonnage-antony/,142,Urgence nuisibles à Antony : intervention sous 1h. Devis gratuit et déplacement gratuit 24h/24. Dépigeonnage à Antony – Allo Nuisible Express.
depigeonnage-chatenay-malabry/index.html,/depigeonnage-chatenay-malabry/,155,Urgence nuisibles à Châtenay-Malabry : intervention sous 1h. Devis gratuit et déplacement gratuit 24h/24. Dépigeonnage locale 7j/7 – Allo Nuisible Express.
depigeonnage-choisy-le-roi/index.html,/depigeonnage-choisy-le-roi/,156,Urgence nuisibles à Choisy-le-Roi : intervention sous 1h. Devis gratuit et déplacement gratuit 24h/24. Dépigeonnage à Choisy-le-Roi – Allo Nuisible Express.
depigeonnage-clamart/index.html,/depigeonnage-clamart/,144,Urgence nuisibles à Clamart : intervention sous 1h. Devis gratuit et déplacement gratuit 24h/24. Dépigeonnage à Clamart – Allo Nuisible Express.
depigeonnage-orly/index.html,/depigeonnage-orly/,152,Urgence nuisibles à Orly : intervention sous 1h. Devis gratuit et déplacement gratuit 24h/24. Service dépigeonnage local à Orly – Allo Nuisible Express.
depigeonnage-rungis.html,/depigeonnage-rungis.html,156,"Urgence nuisibles à Rungis : intervention sous 1h. Devis gratuit et déplacement gratuit 24h/24. Dépigeonnage à Rungis, accès direct – Allo Nuisible Express."
depigeonnage-thiais/index.html,/depigeonnage-thiais/,142,Urgence nuisibles à Thiais : intervention sous 1h. Devis gratuit et déplacement gratuit 24h/24. Dépigeonnage à Thiais – Allo Nuisible Express.
depigeonnage-thiais.html,/depigeonnage-thiais.html,156,"Urgence nuisibles à Thiais : intervention sous 1h. Devis gratuit et déplacement gratuit 24h/24. Dépigeonnage à Thiais, accès direct – Allo Nuisible Express."
depigeonnage-versailles/index.html,/depigeonnage-versailles/,150,Urgence nuisibles à Versailles : intervention sous 1h. Devis gratuit et déplacement gratuit 24h/24. Dépigeonnage à Versailles – Allo Nuisible Express.
depigeonnage-vitry-sur-seine/index.html,/depigeonnage-vitry-sur-seine/,160,Urgence nuisibles à Vitry-sur-Seine : intervention sous 1h. Devis gratuit et déplacement gratuit 24h/24. Dépigeonnage à Vitry-sur-Seine – Allo Nuisible Express.
depigeonnage.html,/depigeonnage.html,160,Urgence dépigeonnage en Île-de-France : intervention sous 1h. Devis gratuit et déplacement gratuit 24h/24. Protocole rapide et sécurisé – Allo Nuisible Express.
deratisation-ablon-sur-seine/index.html,/deratisation-ablon-sur-seine/,160,Urgence nuisibles à Ablon-sur-Seine : intervention sous 1h. Devis gratuit et déplacement gratuit 24h/24. Dératisation à Ablon-sur-Seine – Allo Nuisible Express.
deratisation-antony/index.html,/deratisation-antony/,142,Urgence nuisibles à Antony : intervention sous 1h. Devis gratuit et déplacement gratuit 24h/24. Dératisation à Antony – Allo Nuisible Express.
deratisation-chatenay-malabry/index.html,/deratisation-chatenay-malabry/,155,Urgence nuisibles à Châtenay-Malabry : intervention sous 1h. Devis gratuit et déplacement gratuit 24h/24. Dératisation locale 7j/7 – Allo Nuisible Express.
deratisation-chevilly-larue/index.html,/deratisation-chevilly-larue/,158,Urgence nuisibles à Chevilly-Larue : intervention sous 1h. Devis gratuit et déplacement gratuit 24h/24. Dératisation à Chevilly-Larue – Allo Nuisible Express.
deratisation-choisy-le-roi/index.html,/deratisation-choisy-le-roi/,156,Urgence nuisibles à Choisy-le-Roi : intervention sous 1h. Devis gratuit et déplacement gratuit 24h/24. Dératisation à Choisy-le-Roi – Allo Nuisible Express.
deratisation-clamart/index.html,/deratisation-clamart/,144,Urgence nuisibles à Clamart : intervention sous 1h. Devis gratuit et déplacement gratuit 24h/24. Dératisation à Clamart – Allo Nuisible Express.
deratisation-orly/index.html,/deratisation-orly/,152,Urgence nuisibles à Orly : intervention sous 1h. Devis gratuit et déplacement gratuit 24h/24. Service dératisation local à Orly – Allo Nuisible Express.
deratisation-rungis/index.html,/deratisation-rungis/,142,Urgence nuisibles à Rungis : intervention sous 1h. Devis gratuit et déplacement gratuit 24h/24. Dératisation à Rungis – Allo Nuisible Express.
deratisation-rungis.html,/deratisation-rungis.html,156,"Urgence nuisibles à Rungis : intervention sous 1h. Devis gratuit et déplacement gratuit 24h/24. Dératisation à Rungis, accès direct – Allo Nuisible Express."
deratisation-thiais/index.html,/deratisation-thiais/,142,Urgence nuisibles à Thiais : intervention sous 1h. Devis gratuit et déplacement gratuit 24h/24. Dératisation à Thiais – Allo Nuisible Express.
deratisation-thiais.html,/deratisation-thiais.html,156,"Urgence nuisibles à Thiais : intervention sous 1h. Devis gratuit et déplacement gratuit 24h/24. Dératisation à Thiais, accès direct – Allo Nuisible Express."
deratisation-versailles/index.html,/deratisation-versailles/,150,Urgence nuisibles à Versailles : intervention sous 1h. Devis gratuit et déplacement gratuit 24h/24. Dératisation à Versailles – Allo Nuisible Express.
deratisation-villejuif/index.html,/deratisation-villejuif/,148,Urgence nuisibles à Villejuif : intervention sous 1h. Devis gratuit et déplacement gratuit 24h/24. Dératisation à Villejuif – Allo Nuisible Express.
deratisation-vitry-sur-seine/index.html,/deratisation-vitry-sur-seine/,160,Urgence nuisibles à Vitry-sur-Seine : intervention sous 1h. Devis gratuit et déplacement gratuit 24h/24. Dératisation à Vitry-sur-Seine – Allo Nuisible Express.
deratisation.html,/deratisation.html,160,Urgence dératisation en Île-de-France : intervention sous 1h. Devis gratuit et déplacement gratuit 24h/24. Protocole rapide et sécurisé – Allo Nuisible Express.
desinfection.html,/desinfection.html,160,Urgence désinfection en Île-de-France : intervention sous 1h. Devis gratuit et déplacement gratuit 24h/24. Protocole rapide et sécurisé – Allo Nuisible Express.
desinsectisation.html,/desinsectisation.html,155,Urgence désinsectisation en Île-de-France : intervention sous 1h. Devis gratuit et déplacement gratuit 24h/24. Service expert 7j/7 – Allo Nuisible Express.
devis.html,/devis.html,159,Urgence nuisibles en Île-de-France : intervention sous 1h. Devis gratuit et déplacement gratuit 24h/24. Formulaire de devis en urgence – Allo Nuisible Express.
diogene.html,/diogene.html,158,Urgence syndrome de Diogène en Île-de-France : intervention sous 1h. Devis gratuit et déplacement gratuit 24h/24. Service expert 7j/7 – Allo Nuisible Express.
fourmis-ablon-sur-seine/index.html,/fourmis-ablon-sur-seine/,155,Urgence nuisibles à Ablon-sur-Seine : intervention sous 1h. Devis gratuit et déplacement gratuit 24h/24. Fourmis à Ablon-sur-Seine – Allo Nuisible Express.
fourmis-antony/index.html,/fourmis-antony/,151,Urgence nuisibles à Antony : intervention sous 1h. Devis gratuit et déplacement gratuit 24h/24. Service fourmis local à Antony – Allo Nuisible Express.
fourmis-chatenay-malabry/index.html,/fourmis-chatenay-malabry/,157,Urgence nuisibles à Châtenay-Malabry : intervention sous 1h. Devis gratuit et déplacement gratuit 24h/24. Fourmis à Châtenay-Malabry – Allo Nuisible Express.
fourmis-choisy-le-roi/index.html,/fourmis-choisy-le-roi/,151,Urgence nuisibles à Choisy-le-Roi : intervention sous 1h. Devis gratuit et déplacement gratuit 24h/24. Fourmis à Choisy-le-Roi – Allo Nuisible Express.
fourmis-clamart/index.html,/fourmis-clamart/,153,Urgence nuisibles à Clamart : intervention sous 1h. Devis gratuit et déplacement gratuit 24h/24. Service fourmis local à Clamart – Allo Nuisible Express.
fourmis-orly/index.html,/fourmis-orly/,158,Urgence nuisibles à Orly : intervention sous 1h. Devis gratuit et déplacement gratuit 24h/24. Intervention fourmis locale 7j/7 à Orly – Allo Nuisible Express.
fourmis-thiais/index.html,/fourmis-thiais/,151,Urgence nuisibles à Thiais : intervention sous 1h. Devis gratuit et déplacement gratuit 24h/24. Service fourmis local à Thiais – Allo Nuisible Express.
fourmis-versailles/index.html,/fourmis-versailles/,145,Urgence nuisibles à Versailles : intervention sous 1h. Devis gratuit et déplacement gratuit 24h/24. Fourmis à Versailles – Allo Nuisible Express.
fourmis-vitry-sur-seine/index.html,/fourmis-vitry-sur-seine/,155,Urgence nuisibles à Vitry-sur-Seine : intervention sous 1h. Devis gratuit et déplacement gratuit 24h/24. Fourmis à Vitry-sur-Seine – Allo Nuisible Express.
fourmis.html,/fourmis.html,157,Urgence fourmis en Île-de-France : intervention sous 1h. Devis gratuit et déplacement gratuit 24h/24. Intervention experte certifiée – Allo Nuisible Express.
frelon-asiatique-ablon-sur-seine/index.html,/frelon-asiatique-ablon-sur-seine/,160,Urgence nuisibles à Ablon-sur-Seine : intervention sous 1h. Devis gratuit et déplacement gratuit 24h/24. Frelons asiatiques locale 7j/7 – Allo Nuisible Express.
frelon-asiatique-chatenay-malabry/index.html,/frelon-asiatique-chatenay-malabry/,149,Urgence nuisibles à Châtenay-Malabry : intervention sous 1h. Devis gratuit et déplacement gratuit 24h/24. Frelons asiatiques – Allo Nuisible Express.
frelon-asiatique-orly/index.html,/frelon-asiatique-orly/,144,Urgence nuisibles à Orly : intervention sous 1h. Devis gratuit et déplacement gratuit 24h/24. Frelons asiatiques à Orly – Allo Nuisible Express.
frelon-asiatique-thiais/index.html,/frelon-asiatique-thiais/,148,Urgence nuisibles à Thiais : intervention sous 1h. Devis gratuit et déplacement gratuit 24h/24. Frelons asiatiques à Thiais – Allo Nuisible Express.
frelon-asiatique-vitry-sur-seine/index.html,/frelon-asiatique-vitry-sur-seine/,160,Urgence nuisibles à Vitry-sur-Seine : intervention sous 1h. Devis gratuit et déplacement gratuit 24h/24. Frelons asiatiques locale 7j/7 – Allo Nuisible Express.
frelons-antony/index.html,/frelons-antony/,151,Urgence nuisibles à Antony : intervention sous 1h. Devis gratuit et déplacement gratuit 24h/24. Service frelons local à Antony – Allo Nuisible Express.
frelons-arcueil/index.html,/frelons-arcueil/,153,Urgence nuisibles à Arcueil : intervention sous 1h. Devis gratuit et déplacement gratuit 24h/24. Service frelons local à Arcueil – Allo Nuisible Express.
frelons-choisy-le-roi/index.html,/frelons-choisy-le-roi/,151,Urgence nuisibles à Choisy-le-Roi : intervention sous 1h. Devis gratuit et déplacement gratuit 24h/24. Frelons à Choisy-le-Roi – Allo Nuisible Express.
frelons-clamart/index.html,/frelons-clamart/,153,Urgence nuisibles à Clamart : intervention sous 1h. Devis gratuit et déplacement gratuit 24h/24. Service frelons local à Clamart – Allo Nuisible Express.
frelons-gentilly/index.html,/frelons-gentilly/,141,Urgence nuisibles à Gentilly : intervention sous 1h. Devis gratuit et déplacement gratuit 24h/24. Frelons à Gentilly – Allo Nuisible Express.
frelons-le-kremlin-bicetre/index.html,/frelons-le-kremlin-bicetre/,159,Urgence nuisibles au Kremlin-Bicêtre : intervention sous 1h. Devis gratuit et déplacement gratuit 24h/24. Frelons à Le Kremlin-Bicêtre – Allo Nuisible Express.
frelons-rungis.html,/frelons-rungis.html,151,"Urgence nuisibles à Rungis : intervention sous 1h. Devis gratuit et déplacement gratuit 24h/24. Frelons à Rungis, accès direct – Allo Nuisible Express."
frelons-versailles/index.html,/frelons-versailles/,145,Urgence nuisibles à Versailles : intervention sous 1h. Devis gratuit et déplacement gratuit 24h/24. Frelons à Versailles – Allo Nuisible Express.
frelons.html,/frelons.html,157,Urgence frelons en Île-de-France : intervention sous 1h. Devis gratuit et déplacement gratuit 24h/24. Intervention experte certifiée – Allo Nuisible Express.
guepes-ablon-sur-seine/index.html,/guepes-ablon-sur-seine/,154,Urgence nuisibles à Ablon-sur-Seine : intervention sous 1h. Devis gratuit et déplacement gratuit 24h/24. Guêpes à Ablon-sur-Seine – Allo Nuisible Express.
guepes-antony/index.html,/guepes-antony/,150,Urgence nuisibles à Antony : intervention sous 1h. Devis gratuit et déplacement gratuit 24h/24. Service guêpes local à Antony – Allo Nuisible Express.
guepes-arcueil/index.html,/guepes-arcueil/,152,Urgence nuisibles à Arcueil : intervention sous 1h. Devis gratuit et déplacement gratuit 24h/24. Service guêpes local à Arcueil – Allo Nuisible Express.
guepes-chatenay-malabry/index.html,/guepes-chatenay-malabry/,156,Urgence nuisibles à Châtenay-Malabry : intervention sous 1h. Devis gratuit et déplacement gratuit 24h/24. Guêpes à Châtenay-Malabry – Allo Nuisible Express.
guepes-choisy-le-roi/index.html,/guepes-choisy-le-roi/,150,Urgence nuisibles à Choisy-le-Roi : intervention sous 1h. Devis gratuit et déplacement gratuit 24h/24. Guêpes à Choisy-le-Roi – Allo Nuisible Express.
guepes-clamart/index.html,/guepes-clamart/,152,Urgence nuisibles à Clamart : intervention sous 1h. Devis gratuit et déplacement gratuit 24h/24. Service guêpes local à Clamart – Allo Nuisible Express.
guepes-gentilly/index.html,/guepes-gentilly/,140,Urgence nuisibles à Gentilly : intervention sous 1h. Devis gratuit et déplacement gratuit 24h/24. Guêpes à Gentilly – Allo Nuisible Express.
guepes-le-kremlin-bicetre/index.html,/guepes-le-kremlin-bicetre/,158,Urgence nuisibles au Kremlin-Bicêtre : intervention sous 1h. Devis gratuit et déplacement gratuit 24h/24. Guêpes à Le Kremlin-Bicêtre – Allo Nuisible Express.
guepes-orly/index.html,/guepes-orly/,157,Urgence nuisibles à Orly : intervention sous 1h. Devis gratuit et déplacement gratuit 24h/24. Intervention guêpes locale 7j/7 à Orly – Allo Nuisible Express.
guepes-rungis.html,/guepes-rungis.html,150,"Urgence nuisibles à Rungis : intervention sous 1h. Devis gratuit et déplacement gratuit 24h/24. Guêpes à Rungis, accès direct – Allo Nuisible Express."
guepes-thiais/index.html,/guepes-thiais/,150,Urgence nuisibles à Thiais : intervention sous 1h. Devis gratuit et déplacement gratuit 24h/24. Service guêpes local à Thiais – Allo Nuisible Express.
guepes-thiais.html,/guepes-thiais.html,150,"Urgence nuisibles à Thiais : intervention sous 1h. Devis gratuit et déplacement gratuit 24h/24. Guêpes à Thiais, accès direct – Allo Nuisible Express."
guepes-versailles/index.html,/guepes-versailles/,144,Urgence nuisibles à Versailles : intervention sous 1h. Devis gratuit et déplacement gratuit 24h/24. Guêpes à Versailles – Allo Nuisible Express.
guepes-vitry-sur-seine/index.html,/guepes-vitry-sur-seine/,154,Urgence nuisibles à Vitry-sur-Seine : intervention sous 1h. Devis gratuit et déplacement gratuit 24h/24. Guêpes à Vitry-sur-Seine – Allo Nuisible Express.
guepes.html,/guepes.html,156,Urgence guêpes en Île-de-France : intervention sous 1h. Devis gratuit et déplacement gratuit 24h/24. Intervention experte certifiée – Allo Nuisible Express.
index.html,/,160,"Urgence nuisibles : intervention sous 1h en Île-de-France. Devis et déplacement gratuits 24h/24. Dératisation, cafards, punaises de lit – Allo Nuisible Express."
mentions-legales.html,/mentions-legales.html,160,Urgence nuisibles en Île-de-France : intervention sous 1h. Devis gratuit et déplacement gratuit 24h/24. Informations légales et éditeur – Allo Nuisible Express.
mouches-ablon-sur-seine/index.html,/mouches-ablon-sur-seine/,155,Urgence nuisibles à Ablon-sur-Seine : intervention sous 1h. Devis gratuit et déplacement gratuit 24h/24. Mouches à Ablon-sur-Seine – Allo Nuisible Express.
mouches-antony/index.html,/mouches-antony/,151,Urgence nuisibles à Antony : intervention sous 1h. Devis gratuit et déplacement gratuit 24h/24. Service mouches local à Antony – Allo Nuisible Express.
mouches-chatenay-malabry/index.html,/mouches-chatenay-malabry/,157,Urgence nuisibles à Châtenay-Malabry : intervention sous 1h. Devis gratuit et déplacement gratuit 24h/24. Mouches à Châtenay-Malabry – Allo Nuisible Express.
mouches-choisy-le-roi/index.html,/mouches-choisy-le-roi/,151,Urgence nuisibles à Choisy-le-Roi : intervention sous 1h. Devis gratuit et déplacement gratuit 24h/24. Mouches à Choisy-le-Roi – Allo Nuisible Express.
mouches-clamart/index.html,/mouches-clamart/,153,Urgence nuisibles à Clamart : intervention sous 1h. Devis gratuit et déplacement gratuit 24h/24. Service mouches local à Clamart – Allo Nuisible Express.
mouches-orly/index.html,/mouches-orly/,158,Urgence nuisibles à Orly : intervention sous 1h. Devis gratuit et déplacement gratuit 24h/24. Intervention mouches locale 7j/7 à Orly – Allo Nuisible Express.
mouches-thiais/index.html,/mouches-thiais/,151,Urgence nuisibles à Thiais : intervention sous 1h. Devis gratuit et déplacement gratuit 24h/24. Service mouches local à Thiais – Allo Nuisible Express.
mouches-versailles/index.html,/mouches-versailles/,145,Urgence nuisibles à Versailles : intervention sous 1h. Devis gratuit et déplacement gratuit 24h/24. Mouches à Versailles – Allo Nuisible Express.
mouches-vitry-sur-seine/index.html,/mouches-vitry-sur-seine/,155,Urgence nuisibles à Vitry-sur-Seine : intervention sous 1h. Devis gratuit et déplacement gratuit 24h/24. Mouches à Vitry-sur-Seine – Allo Nuisible Express.
mouches.html,/mouches.html,157,Urgence mouches en Île-de-France : intervention sous 1h. Devis gratuit et déplacement gratuit 24h/24. Intervention experte certifiée – Allo Nuisible Express.
nuisibles-rungis.html,/nuisibles-rungis.html,153,Urgence nuisibles à Rungis : intervention sous 1h. Devis gratuit et déplacement gratuit 24h/24. Dératisation et désinsectisation – Allo Nuisible Express.
nuisibles-thiais.html,/nuisibles-thiais.html,153,Urgence nuisibles à Thiais : intervention sous 1h. Devis gratuit et déplacement gratuit 24h/24. Dératisation et désinsectisation – Allo Nuisible Express.
odeur-rat-mort/index.html,/odeur-rat-mort/,156,Urgence odeur de rat mort en Île-de-France : intervention sous 1h. Devis gratuit et déplacement gratuit 24h/24. Service expert 7j/7 – Allo Nuisible Express.
odeur-rat-mort.html,/odeur-rat-mort.html,157,Urgence odeur de rat mort en Île-de-France : intervention sous 1h. Devis gratuit et déplacement gratuit 24h/24. Accès direct service – Allo Nuisible Express.
politique-confidentialite.html,/politique-confidentialite.html,142,Urgence nuisibles en Île-de-France : intervention sous 1h. Devis gratuit 24h/24. Politique de confidentialité et RGPD – Allo Nuisible Express.
punaises-de-lit-ablon-sur-seine/index.html,/punaises-de-lit-ablon-sur-seine/,157,Urgence nuisibles à Ablon-sur-Seine : intervention sous 1h. Devis gratuit et déplacement gratuit 24h/24. Punaises de lit locale 7j/7 – Allo Nuisible Express.
punaises-de-lit-antony/index.html,/punaises-de-lit-antony/,145,Urgence nuisibles à Antony : intervention sous 1h. Devis gratuit et déplacement gratuit 24h/24. Punaises de lit à Antony – Allo Nuisible Express.
punaises-de-lit-arcueil/index.html,/punaises-de-lit-arcueil/,147,Urgence nuisibles à Arcueil : intervention sous 1h. Devis gratuit et déplacement gratuit 24h/24. Punaises de lit à Arcueil – Allo Nuisible Express.
punaises-de-lit-cachan/index.html,/punaises-de-lit-cachan/,145,Urgence nuisibles à Cachan : intervention sous 1h. Devis gratuit et déplacement gratuit 24h/24. Punaises de lit à Cachan – Allo Nuisible Express.
punaises-de-lit-chatenay-malabry/index.html,/punaises-de-lit-chatenay-malabry/,158,Urgence nuisibles à Châtenay-Malabry : intervention sous 1h. Devis gratuit et déplacement gratuit 24h/24. Punaises de lit locale 7j/7 – Allo Nuisible Express.
punaises-de-lit-choisy-le-roi/index.html,/punaises-de-lit-choisy-le-roi/,159,Urgence nuisibles à Choisy-le-Roi : intervention sous 1h. Devis gratuit et déplacement gratuit 24h/24. Punaises de lit à Choisy-le-Roi – Allo Nuisible Express.
punaises-de-lit-clamart/index.html,/punaises-de-lit-clamart/,147,Urgence nuisibles à Clamart : intervention sous 1h. Devis gratuit et déplacement gratuit 24h/24. Punaises de lit à Clamart – Allo Nuisible Express.
punaises-de-lit-fresnes/index.html,/punaises-de-lit-fresnes/,147,Urgence nuisibles à Fresnes : intervention sous 1h. Devis gratuit et déplacement gratuit 24h/24. Punaises de lit à Fresnes – Allo Nuisible Express.
punaises-de-lit-gentilly/index.html,/punaises-de-lit-gentilly/,149,Urgence nuisibles à Gentilly : intervention sous 1h. Devis gratuit et déplacement gratuit 24h/24. Punaises de lit à Gentilly – Allo Nuisible Express.
punaises-de-lit-le-kremlin-bicetre/index.html,/punaises-de-lit-le-kremlin-bicetre/,158,Urgence nuisibles au Kremlin-Bicêtre : intervention sous 1h. Devis gratuit et déplacement gratuit 24h/24. Punaises de lit locale 7j/7 – Allo Nuisible Express.
punaises-de-lit-lhay-les-roses/index.html,/punaises-de-lit-lhay-les-roses/,157,Urgence nuisibles à L'Haÿ-les-Roses : intervention sous 1h. Devis gratuit et déplacement gratuit 24h/24. Punaises de lit locale 7j/7 – Allo Nuisible Express.
punaises-de-lit-orly/index.html,/punaises-de-lit-orly/,141,Urgence nuisibles à Orly : intervention sous 1h. Devis gratuit et déplacement gratuit 24h/24. Punaises de lit à Orly – Allo Nuisible Express.
punaises-de-lit-thiais/index.html,/punaises-de-lit-thiais/,145,Urgence nuisibles à Thiais : intervention sous 1h. Devis gratuit et déplacement gratuit 24h/24. Punaises de lit à Thiais – Allo Nuisible Express.
punaises-de-lit-versailles/index.html,/punaises-de-lit-versailles/,153,Urgence nuisibles à Versailles : intervention sous 1h. Devis gratuit et déplacement gratuit 24h/24. Punaises de lit à Versailles – Allo Nuisible Express.
punaises-de-lit-vitry-sur-seine/index.html,/punaises-de-lit-vitry-sur-seine/,157,Urgence nuisibles à Vitry-sur-Seine : intervention sous 1h. Devis gratuit et déplacement gratuit 24h/24. Punaises de lit locale 7j/7 – Allo Nuisible Express.
punaises-lit-rungis.html,/punaises-lit-rungis.html,159,"Urgence nuisibles à Rungis : intervention sous 1h. Devis gratuit et déplacement gratuit 24h/24. Punaises de lit à Rungis, accès direct – Allo Nuisible Express."
punaises-lit-thiais.html,/punaises-lit-thiais.html,159,"Urgence nuisibles à Thiais : intervention sous 1h. Devis gratuit et déplacement gratuit 24h/24. Punaises de lit à Thiais, accès direct – Allo Nuisible Express."
punaises.html,/punaises.html,154,Urgence punaises de lit en Île-de-France : intervention sous 1h. Devis gratuit et déplacement gratuit 24h/24. Service expert 7j/7 – Allo Nuisible Express.
rats-arcueil/index.html,/rats-arcueil/,150,Urgence nuisibles à Arcueil : intervention sous 1h. Devis gratuit et déplacement gratuit 24h/24. Service rats local à Arcueil – Allo Nuisible Express.
rats-cachan/index.html,/rats-cachan/,159,Urgence nuisibles à Cachan : intervention sous 1h. Devis gratuit et déplacement gratuit 24h/24. Intervention rats locale 7j/7 à Cachan – Allo Nuisible Express.
rats-fresnes/index.html,/rats-fresnes/,150,Urgence nuisibles à Fresnes : intervention sous 1h. Devis gratuit et déplacement gratuit 24h/24. Service rats local à Fresnes – Allo Nuisible Express.
rats-gentilly/index.html,/rats-gentilly/,152,Urgence nuisibles à Gentilly : intervention sous 1h. Devis gratuit et déplacement gratuit 24h/24. Service rats local à Gentilly – Allo Nuisible Express.
rats-le-kremlin-bicetre/index.html,/rats-le-kremlin-bicetre/,156,Urgence nuisibles au Kremlin-Bicêtre : intervention sous 1h. Devis gratuit et déplacement gratuit 24h/24. Rats à Le Kremlin-Bicêtre – Allo Nuisible Express.
rats-lhay-les-roses/index.html,/rats-lhay-les-roses/,152,Urgence nuisibles à L'Haÿ-les-Roses : intervention sous 1h. Devis gratuit et déplacement gratuit 24h/24. Rats à L'Haÿ-les-Roses – Allo Nuisible Express.
rats-rungis.html,/rats-rungis.html,148,"Urgence nuisibles à Rungis : intervention sous 1h. Devis gratuit et déplacement gratuit 24h/24. Rats à Rungis, accès direct – Allo Nuisible Express."
rats-thiais.html,/rats-thiais.html,148,"Urgence nuisibles à Thiais : intervention sous 1h. Devis gratuit et déplacement gratuit 24h/24. Rats à Thiais, accès direct – Allo Nuisible Express."
souris-arcueil/index.html,/souris-arcueil/,152,Urgence nuisibles à Arcueil : intervention sous 1h. Devis gratuit et déplacement gratuit 24h/24. Service souris local à Arcueil – Allo Nuisible Express.
souris-cachan/index.html,/souris-cachan/,150,Urgence nuisibles à Cachan : intervention sous 1h. Devis gratuit et déplacement gratuit 24h/24. Service souris local à Cachan – Allo Nuisible Express.
souris-fresnes/index.html,/souris-fresnes/,152,Urgence nuisibles à Fresnes : intervention sous 1h. Devis gratuit et déplacement gratuit 24h/24. Service souris local à Fresnes – Allo Nuisible Express.
souris-gentilly/index.html,/souris-gentilly/,140,Urgence nuisibles à Gentilly : intervention sous 1h. Devis gratuit et déplacement gratuit 24h/24. Souris à Gentilly – Allo Nuisible Express.
souris-le-kremlin-bicetre/index.html,/souris-le-kremlin-bicetre/,158,Urgence nuisibles au Kremlin-Bicêtre : intervention sous 1h. Devis gratuit et déplacement gratuit 24h/24. Souris à Le Kremlin-Bicêtre – Allo Nuisible Express.
souris-lhay-les-roses/index.html,/souris-lhay-les-roses/,154,Urgence nuisibles à L'Haÿ-les-Roses : intervention sous 1h. Devis gratuit et déplacement gratuit 24h/24. Souris à L'Haÿ-les-Roses – Allo Nuisible Express.
souris-rungis.html,/souris-rungis.html,150,"Urgence nuisibles à Rungis : intervention sous 1h. Devis gratuit et déplacement gratuit 24h/24. Souris à Rungis, accès direct – Allo Nuisible Express."
souris-thiais.html,/souris-thiais.html,150,"Urgence nuisibles à Thiais : intervention sous 1h. Devis gratuit et déplacement gratuit 24h/24. Souris à Thiais, accès direct – Allo Nuisible Express."
syndrome-diogene-rungis.html,/syndrome-diogene-rungis.html,152,Urgence nuisibles à Rungis : intervention sous 1h. Devis gratuit et déplacement gratuit 24h/24. Syndrome de Diogène locale 7j/7 – Allo Nuisible Express.
syndrome-diogene-thiais.html,/syndrome-diogene-thiais.html,152,Urgence nuisibles à Thiais : intervention sous 1h. Devis gratuit et déplacement gratuit 24h/24. Syndrome de Diogène locale 7j/7 – Allo Nuisible Express.
tarifs.html,/tarifs.html,141,Urgence nuisibles en Île-de-France : intervention sous 1h. Devis gratuit 24h/24. Consultez nos tarifs d’intervention – Allo Nuisible Express.
xylophage.html,/xylophage.html,160,Urgence xylophages en Île-de-France : intervention sous 1h. Devis gratuit et déplacement gratuit 24h/24. Intervention experte certifiée – Allo Nuisible Express.
xylophages-ablon-sur-seine/index.html,/xylophages-ablon-sur-seine/,158,Urgence nuisibles à Ablon-sur-Seine : intervention sous 1h. Devis gratuit et déplacement gratuit 24h/24. Xylophages à Ablon-sur-Seine – Allo Nuisible Express.
xylophages-antony/index.html,/xylophages-antony/,140,Urgence nuisibles à Antony : intervention sous 1h. Devis gratuit et déplacement gratuit 24h/24. Xylophages à Antony – Allo Nuisible Express.
xylophages-chatenay-malabry/index.html,/xylophages-chatenay-malabry/,160,Urgence nuisibles à Châtenay-Malabry : intervention sous 1h. Devis gratuit et déplacement gratuit 24h/24. Xylophages à Châtenay-Malabry – Allo Nuisible Express.
xylophages-choisy-le-roi/index.html,/xylophages-choisy-le-roi/,154,Urgence nuisibles à Choisy-le-Roi : intervention sous 1h. Devis gratuit et déplacement gratuit 24h/24. Xylophages à Choisy-le-Roi – Allo Nuisible Express.
xylophages-clamart/index.html,/xylophages-clamart/,142,Urgence nuisibles à Clamart : intervention sous 1h. Devis gratuit et déplacement gratuit 24h/24. Xylophages à Clamart – Allo Nuisible Express.
xylophages-orly/index.html,/xylophages-orly/,150,Urgence nuisibles à Orly : intervention sous 1h. Devis gratuit et déplacement gratuit 24h/24. Service xylophages local à Orly – Allo Nuisible Express.
xylophages-thiais/index.html,/xylophages-thiais/,140,Urgence nuisibles à Thiais : intervention sous 1h. Devis gratuit et déplacement gratuit 24h/24. Xylophages à Thiais – Allo Nuisible Express.
xylophages-versailles/index.html,/xylophages-versailles/,148,Urgence nuisibles à Versailles : intervention sous 1h. Devis gratuit et déplacement gratuit 24h/24. Xylophages à Versailles – Allo Nuisible Express.
xylophages-vitry-sur-seine/index.html,/xylophages-vitry-sur-seine/,158,Urgence nuisibles à Vitry-sur-Seine : intervention sous 1h. Devis gratuit et déplacement gratuit 24h/24. Xylophages à Vitry-sur-Seine – Allo Nuisible Express.
zone-intervention-hauts-de-seine/index.html,/zone-intervention-hauts-de-seine/,143,Urgence nuisibles dans les Hauts-de-Seine : intervention sous 1h. Devis gratuit 24h/24. Accès rapide aux interventions – Allo Nuisible Express.
zone-intervention-val-de-marne/index.html,/zone-intervention-val-de-marne/,158,Urgence nuisibles dans le Val-de-Marne : intervention sous 1h. Devis gratuit et déplacement gratuit 24h/24. Accédez aux pages locales – Allo Nuisible Express.
zone-intervention-yvelines/index.html,/zone-intervention-yvelines/,155,Urgence nuisibles dans les Yvelines : intervention sous 1h. Devis gratuit et déplacement gratuit 24h/24. Accédez aux pages locales – Allo Nuisible Express.
zones-nuisibles.html,/zones-nuisibles.html,144,Urgence nuisibles en Île-de-France : intervention sous 1h. Devis gratuit 24h/24. Choisissez votre zone et service local – Allo Nuisible Express.
